Year,Item,Area harvested,Yield,Production
1961,Cereals,90552841,1211.0,109659976
1962,Cereals,89761512,1341.6,120421293
1963,Cereals,91216574,1506.9,137456233
1964,Cereals,92897267,1640.1,152356625
1965,Cereals,91910487,1764.3,162156281
1966,Cereals,93712993,1895.3,177613486
1967,Cereals,92806916,1952.2,181182167
1968,Cereals,90488277,1957.5,177133015
1969,Cereals,92117127,1915.9,176486754
1970,Cereals,93712433,2143.1,200836854
1971,Cereals,96997311,2187.1,212142760
1972,Cereals,97317337,2122.1,206516977
1973,Cereals,96958052,2288.1,221853449
1974,Cereals,97681833,2402.1,234636870
1975,Cereals,98094421,2492.8,244525529
1976,Cereals,98627104,2537.0,250213735
1977,Cereals,97255616,2501.5,243286035
1978,Cereals,97445665,2802.0,273038118
1979,Cereals,96233158,3041.9,292727509
1980,Cereals,95054328,2948.7,280287437
1981,Cereals,92653171,3091.6,286450038
1982,Cereals,91007542,3465.3,315364050
1983,Cereals,92800537,3724.4,345626506
1984,Cereals,92388368,3960.9,365937335
1985,Cereals,88792335,3827.8,339877377
1986,Cereals,90393456,3895.0,352084647
1987,Cereals,90299944,3978.3,359240676
1988,Cereals,89372990,3936.6,351824290
1989,Cereals,91447328,4020.2,367636080
1990,Cereals,94142398,4310.3,405785540.6
1991,Cereals,94139407,4237.3,398896071
1992,Cereals,92600460,4365.8,404275226
1993,Cereals,89308072,4567.7,407930462
1994,Cereals,87905447,4510.1,396460120
1995,Cereals,89769669,4663.8,418664201
1996,Cereals,92642914,4894.5,453439300.4
1997,Cereals,92580315,4816.7,445931409.1
1998,Cereals,92530270,4954.0,458394739.1
1999,Cereals,92012030,4947.1,455192431
2000,Cereals,85639383,4756.4,407336209
2001,Cereals,82960644,4802.2,398396119
2002,Cereals,81807328,4873.5,398687732
2003,Cereals,77248952,4875.9,376654603
2004,Cereals,79611066,5189.8,413162398
2005,Cereals,82166582,5225.6,429370665
2006,Cereals,85184739,5315.5,452800681.9
2007,Cereals,86111194,5320.5,458156418
2008,Cereals,86630832,5550.5,480842470
2009,Cereals,88842879,5452.0,484370839.1
2010,Cereals,90326168,5528.7,499385217.3
2011,Cereals,91564856,5712.4,523053411.9
2012,Cereals,93209088,5830.5,543459968
2013,Cereals,94462360,5897.5,557095954.7
2014,Cereals,95365721,5897.6,562426932.6
2015,Cereals,103566966,5985.7,619923474.8
2016,Cereals,102442440,6017.6,616456117.5
2017,Cereals,100799386,6111.3,616017835.5
2018,Cereals,99936334,6124.7,612080566.6
2019,Cereals,98217803,6265.8,615416302.1
2020,Cereals,98238543,6296.9,618598138.4
2021,Cereals,100422610,6318.8,634549865
2022,Cereals,99495570,6381.7,634948339.4
2023,Cereals,100251837,6418.3,643445517.3
1961,Tubers,12314919,7478.1,92091965
1962,Tubers,12565286,7871.0,98901835
1963,Tubers,10942407,8200.7,89735829
1964,Tubers,11678005,7356.8,85912981
1965,Tubers,11126633,9406.5,104662611
1966,Tubers,12060194,9820.2,118433387
1967,Tubers,11138218,10617.0,118254973
1968,Tubers,10755426,10929.6,117552983
1969,Tubers,10903146,11656.5,127092732
1970,Tubers,11178185,12499.0,139716193
1971,Tubers,10871275,12154.4,132133519
1972,Tubers,11807771,10906.1,128776605
1973,Tubers,11772335,13962.4,164370120
1974,Tubers,11520922,12795.0,147410329
1975,Tubers,11406513,13032.6,148657042
1976,Tubers,10775386,12876.2,138745988
1977,Tubers,11633913,13231.6,153935527
1978,Tubers,12195393,13466.9,164234227
1979,Tubers,11333035,13048.1,147874819
1980,Tubers,10548224,14173.8,149508755
1981,Tubers,10011244,13552.7,135678909
1982,Tubers,9756883,14458.7,141071730
1983,Tubers,9783765,15544.7,152085799
1984,Tubers,9376220,15804.5,148186602
1985,Tubers,8948283,15146.1,135531247
1986,Tubers,9043792,14593.5,131980205
1987,Tubers,9221520,15852.3,146181855
1988,Tubers,9397511,14858.2,139630062
1989,Tubers,9426061,14984.5,141244869
1990,Tubers,9436847,14979.0,141354540
1991,Tubers,9396820,14964.2,140615815
1992,Tubers,9565551,15380.7,147124496.3
1993,Tubers,9627535,17036.0,164014320
1994,Tubers,9596450,16293.9,156363742.6
1995,Tubers,9845602,17092.5,168285881.7
1996,Tubers,10126198,17979.2,182060968
1997,Tubers,10120956,16300.0,164971639.4
1998,Tubers,10340362,17934.4,185448147
1999,Tubers,10688708,17548.3,187568990.3
2000,Tubers,10876496,17457.7,189878797.5
2001,Tubers,10558224,17411.2,183831302.8
2002,Tubers,10228029,18485.1,189065631.5
2003,Tubers,10057638,18052.8,181568508.1
2004,Tubers,9803585,18717.1,183494772.7
2005,Tubers,9863064,18171.2,179223704.1
2006,Tubers,8242504,18402.3,151681187
2007,Tubers,8383702,17371.9,145641096
2008,Tubers,8656526,17690.8,153140639
2009,Tubers,8469870,17254.5,146143420
2010,Tubers,8405888,17689.8,148698158.7
2011,Tubers,8378619,18226.4,152711821.8
2012,Tubers,8210598,18371.4,150839926
2013,Tubers,8123549,18407.1,149531287
2014,Tubers,7947555,18473.6,146820227.3
2015,Tubers,7707696,18686.3,144028513.7
2016,Tubers,7649638,18748.5,143419020.4
2017,Tubers,7585719,19394.3,147119605.1
2018,Tubers,7543106,19956.3,150532287.1
2019,Tubers,6726342,21849.9,146969777.8
2020,Tubers,7413197,20473.1,151771342.6
2021,Tubers,7374431,20790.0,153314668.5
2022,Tubers,7263660,20769.4,150862102.8
2023,Tubers,7311012,20827.3,152268438.5
1961,Sugar Crops,499100,26473.0,13212694
1962,Sugar Crops,334900,30362.2,10168314
1963,Sugar Crops,360482,41821.6,15075929
1964,Sugar Crops,529683,38645.1,20469654
1965,Sugar Crops,635928,39474.1,25102700
1966,Sugar Crops,648924,35759.1,23204970
1967,Sugar Crops,620952,35820.7,22242930
1968,Sugar Crops,590948,35609.1,21043100
1969,Sugar Crops,610581,32960.0,20124720
1970,Sugar Crops,676262,32244.5,21805758
1971,Sugar Crops,738603,31718.3,23427216
1972,Sugar Crops,837415,31176.6,26107793
1973,Sugar Crops,892326,30714.4,27407274
1974,Sugar Crops,863500,32272.0,27866897
1975,Sugar Crops,928899,29111.7,27041824
1976,Sugar Crops,1010200,28254.4,28542645
1977,Sugar Crops,981672,32098.2,31509866
1978,Sugar Crops,990022,32419.9,32096391
1979,Sugar Crops,947365,36197.6,34292369
1980,Sugar Crops,1033614,37037.6,38282589
1981,Sugar Crops,1093666,40907.9,44739599
1982,Sugar Crops,1220082,42782.7,52198381
1983,Sugar Crops,1292066,36999.5,47805778
1984,Sugar Crops,1316354,41595.2,54754036
1985,Sugar Crops,1612459,41942.1,67629871
1986,Sugar Crops,1537585,42137.1,64789312
1987,Sugar Crops,1422464,42849.2,60951505
1988,Sugar Crops,1743000,39513.9,68872765
1989,Sugar Crops,1598962,40581.7,64888527
1990,Sugar Crops,1747777,44614.1,77975580
1991,Sugar Crops,2010600,44257.5,88984122
1992,Sugar Crops,1969897,47686.4,93937353
1993,Sugar Crops,1751203,46279.8,81045310
1994,Sugar Crops,1817808,43434.7,78955971
1995,Sugar Crops,1880456,44810.0,84263210
1996,Sugar Crops,1900182,46304.4,87986748
1997,Sugar Crops,1973265,49652.3,97977089
1998,Sugar Crops,2031955,50035.7,101670223
1999,Sugar Crops,1686199,51445.2,86746790
2000,Sugar Crops,1552584,51122.5,79372030
2001,Sugar Crops,1687238,52662.6,88854289
2002,Sugar Crops,1844820,56928.3,105022531
2003,Sugar Crops,1680230,58456.8,98220800
2004,Sugar Crops,1582959,61215.5,96901550
2005,Sugar Crops,1575757,60580.0,95459312
2006,Sugar Crops,1577940,66741.4,105313957
2007,Sugar Crops,1812343,67681.8,122662617
2008,Sugar Crops,2000450,67465.7,134961702
2009,Sugar Crops,1893872,65173.3,123429972
2010,Sugar Crops,1914844,63084.7,120797383
2011,Sugar Crops,1956975,64310.5,125853960
2012,Sugar Crops,2039113,66417.0,135431817
2013,Sugar Crops,2006783,68764.3,137994938
2014,Sugar Crops,1907168,70341.9,134153869
2015,Sugar Crops,1581466,71336.9,112816911
2016,Sugar Crops,1565642,71749.1,112333445
2017,Sugar Crops,1553892,73550.9,114290105
2018,Sugar Crops,1631103,73567.1,119995571
2019,Sugar Crops,1618283,75534.6,122236347
2020,Sugar Crops,1574676,76609.9,120635796
2021,Sugar Crops,1465669,78537.1,115109424
2022,Sugar Crops,1459935,77284.5,112830279
2023,Sugar Crops,1472741,77508.2,114149560.9
1961,Vegetables,5002595,10035.3,50202520
1962,Vegetables,4466694,10492.6,46867243
1963,Vegetables,3868166,10744.8,41562506
1964,Vegetables,3477614,10755.9,37404966
1965,Vegetables,3546408,11197.2,39709771
1966,Vegetables,3423917,11437.5,39161051
1967,Vegetables,3429051,11657.9,39975396
1968,Vegetables,3363400,12574.5,42293193
1969,Vegetables,3331601,13124.1,43724295
1970,Vegetables,2538923,14284.9,36268319
1971,Vegetables,2805033,14387.8,40358252
1972,Vegetables,2716653,13688.7,37187480
1973,Vegetables,2981553,13901.0,41446498
1974,Vegetables,2914638,14299.2,41677121
1975,Vegetables,3024772,14292.4,43231227
1976,Vegetables,3017661,14218.4,42906303
1977,Vegetables,3166760,14246.1,45113985
1978,Vegetables,3567420,14086.4,50252158
1979,Vegetables,3542723,14373.7,50922197
1980,Vegetables,3466192,14289.0,49528582
1981,Vegetables,3760174,15075.1,56684920
1982,Vegetables,4168030,14749.1,61474781
1983,Vegetables,4395244,15788.4,69393722
1984,Vegetables,4535787,17361.3,78747113
1985,Vegetables,5109069,15762.5,80531494
1986,Vegetables,5689050,16945.1,96401422
1987,Vegetables,5986717,16713.7,100060235
1988,Vegetables,6445896,16733.2,107860654
1989,Vegetables,6778234,16551.8,112191813
1990,Vegetables,6840286,17233.4,117881447.6
1991,Vegetables,7127898,16880.7,120323622.7
1992,Vegetables,7324861,18143.8,132901081
1993,Vegetables,8653123,17915.6,155026089
1994,Vegetables,9536112,18014.0,171783090.3
1995,Vegetables,10169007,18212.4,185201934.9
1996,Vegetables,11159865,18265.9,203844573.4
1997,Vegetables,12029677,17526.4,210836460.2
1998,Vegetables,12893913,17000.9,219207836
1999,Vegetables,14318444,16551.4,236989752.4
2000,Vegetables,15949564,19125.7,305046307.4
2001,Vegetables,16701964,19141.4,319698929.7
2002,Vegetables,17446867,19746.3,344510980.7
2003,Vegetables,17926718,19912.5,356965280.4
2004,Vegetables,18756067,19521.0,366136942.1
2005,Vegetables,19305133,19716.2,380623696
2006,Vegetables,19550495,20273.7,396361128.9
2007,Vegetables,20009841,21158.0,423367898.2
2008,Vegetables,19972727,22355.4,446498509.5
2009,Vegetables,20552498,22429.5,460983124.9
2010,Vegetables,21196996,22501.3,476960772.4
2011,Vegetables,21796811,22843.2,497909711.3
2012,Vegetables,22007461,23080.1,507933791
2013,Vegetables,22066696,23584.2,520424596.1
2014,Vegetables,22481830,23728.5,533459392.3
2015,Vegetables,23496933,24010.8,564181099.2
2016,Vegetables,22864236,24481.0,559740270.4
2017,Vegetables,23162907,24583.3,569421823.4
2018,Vegetables,23343131,24780.7,578458232.7
2019,Vegetables,23564835,24984.2,588747704.7
2020,Vegetables,23536523,25302.2,595526487.3
2021,Vegetables,23635426,25516.9,603102205.1
2022,Vegetables,23746039,25814.0,612979132.3
2023,Vegetables,23805403,26101.9,621365795.6.
