Area,Item,Element,Year,Value
China,"Cereals, primary",Area harvested,1961,90552841
China,"Cereals, primary",Yield,1961,1211
China,"Cereals, primary",Production,1961,109659976
China,"Cereals, primary",Area harvested,1962,89761512
China,"Cereals, primary",Yield,1962,1341.6
China,"Cereals, primary",Production,1962,120421293
China,"Cereals, primary",Area harvested,1963,91216574
China,"Cereals, primary",Yield,1963,1506.9
China,"Cereals, primary",Production,1963,137456233
China,"Cereals, primary",Area harvested,1964,92897267
China,"Cereals, primary",Yield,1964,1640.1
China,"Cereals, primary",Production,1964,152356625
China,"Cereals, primary",Area harvested,1965,91910487
China,"Cereals, primary",Yield,1965,1764.3
China,"Cereals, primary",Production,1965,162156281
China,"Cereals, primary",Area harvested,1966,93712993
China,"Cereals, primary",Yield,1966,1895.3
China,"Cereals, primary",Production,1966,177613486
China,"Cereals, primary",Area harvested,1967,92806916
China,"Cereals, primary",Yield,1967,1952.2
China,"Cereals, primary",Production,1967,181182167
China,"Cereals, primary",Area harvested,1968,90488277
China,"Cereals, primary",Yield,1968,1957.5
China,"Cereals, primary",Production,1968,177133015
China,"Cereals, primary",Area harvested,1969,92117127
China,"Cereals, primary",Yield,1969,1915.9
China,"Cereals, primary",Production,1969,176486754
China,"Cereals, primary",Area harvested,1970,93712433
China,"Cereals, primary",Yield,1970,2143.1
China,"Cereals, primary",Production,1970,200836854
China,"Cereals, primary",Area harvested,1971,96997311
China,"Cereals, primary",Yield,1971,2187.1
China,"Cereals, primary",Production,1971,212142760
China,"Cereals, primary",Area harvested,1972,97317337
China,"Cereals, primary",Yield,1972,2122.1
China,"Cereals, primary",Production,1972,206516977
China,"Cereals, primary",Area harvested,1973,96958052
China,"Cereals, primary",Yield,1973,2288.1
China,"Cereals, primary",Production,1973,221853449
China,"Cereals, primary",Area harvested,1974,97681833
China,"Cereals, primary",Yield,1974,2402.1
China,"Cereals, primary",Production,1974,234636870
China,"Cereals, primary",Area harvested,1975,98094421
China,"Cereals, primary",Yield,1975,2492.8
China,"Cereals, primary",Production,1975,244525529
China,"Cereals, primary",Area harvested,1976,98627104
China,"Cereals, primary",Yield,1976,2537
China,"Cereals, primary",Production,1976,250213735
China,"Cereals, primary",Area harvested,1977,97255616
China,"Cereals, primary",Yield,1977,2501.5
China,"Cereals, primary",Production,1977,243286035
China,"Cereals, primary",Area harvested,1978,97445665
China,"Cereals, primary",Yield,1978,2802
China,"Cereals, primary",Production,1978,273038118
China,"Cereals, primary",Area harvested,1979,96233158
China,"Cereals, primary",Yield,1979,3041.9
China,"Cereals, primary",Production,1979,292727509
China,"Cereals, primary",Area harvested,1980,95054328
China,"Cereals, primary",Yield,1980,2948.7
China,"Cereals, primary",Production,1980,280287437
China,"Cereals, primary",Area harvested,1981,92653171
China,"Cereals, primary",Yield,1981,3091.6
China,"Cereals, primary",Production,1981,286450038
China,"Cereals, primary",Area harvested,1982,91007542
China,"Cereals, primary",Yield,1982,3465.3
China,"Cereals, primary",Production,1982,315364050
China,"Cereals, primary",Area harvested,1983,92800537
China,"Cereals, primary",Yield,1983,3724.4
China,"Cereals, primary",Production,1983,345626506
China,"Cereals, primary",Area harvested,1984,92388368
China,"Cereals, primary",Yield,1984,3960.9
China,"Cereals, primary",Production,1984,365937335
China,"Cereals, primary",Area harvested,1985,88792335
China,"Cereals, primary",Yield,1985,3827.8
China,"Cereals, primary",Production,1985,339877377
China,"Cereals, primary",Area harvested,1986,90393456
China,"Cereals, primary",Yield,1986,3895
China,"Cereals, primary",Production,1986,352084647
China,"Cereals, primary",Area harvested,1987,90299944
China,"Cereals, primary",Yield,1987,3978.3
China,"Cereals, primary",Production,1987,359240676
China,"Cereals, primary",Area harvested,1988,89372990
China,"Cereals, primary",Yield,1988,3936.6
China,"Cereals, primary",Production,1988,351824290
China,"Cereals, primary",Area harvested,1989,91447328
China,"Cereals, primary",Yield,1989,4020.2
China,"Cereals, primary",Production,1989,367636080
China,"Cereals, primary",Area harvested,1990,94142398
China,"Cereals, primary",Yield,1990,4310.3
China,"Cereals, primary",Production,1990,405785540.6
China,"Cereals, primary",Area harvested,1991,94139407
China,"Cereals, primary",Yield,1991,4237.3
China,"Cereals, primary",Production,1991,398896071
China,"Cereals, primary",Area harvested,1992,92600460
China,"Cereals, primary",Yield,1992,4365.8
China,"Cereals, primary",Production,1992,404275226
China,"Cereals, primary",Area harvested,1993,89308072
China,"Cereals, primary",Yield,1993,4567.7
China,"Cereals, primary",Production,1993,407930462
China,"Cereals, primary",Area harvested,1994,87905447
China,"Cereals, primary",Yield,1994,4510.1
China,"Cereals, primary",Production,1994,396460120
China,"Cereals, primary",Area harvested,1995,89769669
China,"Cereals, primary",Yield,1995,4663.8
China,"Cereals, primary",Production,1995,418664201
China,"Cereals, primary",Area harvested,1996,92642914
China,"Cereals, primary",Yield,1996,4894.5
China,"Cereals, primary",Production,1996,453439300.4
China,"Cereals, primary",Area harvested,1997,92580315
China,"Cereals, primary",Yield,1997,4816.7
China,"Cereals, primary",Production,1997,445931409.1
China,"Cereals, primary",Area harvested,1998,92530270
China,"Cereals, primary",Yield,1998,4954
China,"Cereals, primary",Production,1998,458394739.1
China,"Cereals, primary",Area harvested,1999,92012030
China,"Cereals, primary",Yield,1999,4947.1
China,"Cereals, primary",Production,1999,455192431
China,"Cereals, primary",Area harvested,2000,85639383
China,"Cereals, primary",Yield,2000,4756.4
China,"Cereals, primary",Production,2000,407336209
China,"Cereals, primary",Area harvested,2001,82960644
China,"Cereals, primary",Yield,2001,4802.2
China,"Cereals, primary",Production,2001,398396119
China,"Cereals, primary",Area harvested,2002,81807328
China,"Cereals, primary",Yield,2002,4873.5
China,"Cereals, primary",Production,2002,398687732
China,"Cereals, primary",Area harvested,2003,77248952
China,"Cereals, primary",Yield,2003,4875.9
China,"Cereals, primary",Production,2003,376654603
China,"Cereals, primary",Area harvested,2004,79611066
China,"Cereals, primary",Yield,2004,5189.8
China,"Cereals, primary",Production,2004,413162398
China,"Cereals, primary",Area harvested,2005,82166582
China,"Cereals, primary",Yield,2005,5225.6
China,"Cereals, primary",Production,2005,429370665
China,"Cereals, primary",Area harvested,2006,85184739
China,"Cereals, primary",Yield,2006,5315.5
China,"Cereals, primary",Production,2006,452800681.9
China,"Cereals, primary",Area harvested,2007,86111194
China,"Cereals, primary",Yield,2007,5320.5
China,"Cereals, primary",Production,2007,458156418
China,"Cereals, primary",Area harvested,2008,86630832
China,"Cereals, primary",Yield,2008,5550.5
China,"Cereals, primary",Production,2008,480842470
China,"Cereals, primary",Area harvested,2009,88842879
China,"Cereals, primary",Yield,2009,5452
China,"Cereals, primary",Production,2009,484370839.1
China,"Cereals, primary",Area harvested,2010,90326168
China,"Cereals, primary",Yield,2010,5528.7
China,"Cereals, primary",Production,2010,499385217.3
China,"Cereals, primary",Area harvested,2011,91564856
China,"Cereals, primary",Yield,2011,5712.4
China,"Cereals, primary",Production,2011,523053411.9
China,"Cereals, primary",Area harvested,2012,93209088
China,"Cereals, primary",Yield,2012,5830.5
China,"Cereals, primary",Production,2012,543459968
China,"Cereals, primary",Area harvested,2013,94462360
China,"Cereals, primary",Yield,2013,5897.5
China,"Cereals, primary",Production,2013,557095954.7
China,"Cereals, primary",Area harvested,2014,95365721
China,"Cereals, primary",Yield,2014,5897.6
China,"Cereals, primary",Production,2014,562426932.6
China,"Cereals, primary",Area harvested,2015,103566966
China,"Cereals, primary",Yield,2015,5985.7
China,"Cereals, primary",Production,2015,619923474.8
China,"Cereals, primary",Area harvested,2016,102442440
China,"Cereals, primary",Yield,2016,6017.6
China,"Cereals, primary",Production,2016,616456117.5
China,"Cereals, primary",Area harvested,2017,100799386
China,"Cereals, primary",Yield,2017,6111.3
China,"Cereals, primary",Production,2017,616017835.5
China,"Cereals, primary",Area harvested,2018,99936334
China,"Cereals, primary",Yield,2018,6124.7
China,"Cereals, primary",Production,2018,612080566.6
China,"Cereals, primary",Area harvested,2019,98217803
China,"Cereals, primary",Yield,2019,6265.8
China,"Cereals, primary",Production,2019,615416302.1
China,"Cereals, primary",Area harvested,2020,98238543
China,"Cereals, primary",Yield,2020,6296.9
China,"Cereals, primary",Production,2020,618598138.4
China,"Cereals, primary",Area harvested,2021,100422610
China,"Cereals, primary",Yield,2021,6318.8
China,"Cereals, primary",Production,2021,634549865
China,"Cereals, primary",Area harvested,2022,99495570
China,"Cereals, primary",Yield,2022,6381.7
China,"Cereals, primary",Production,2022,634948339.4
China,"Cereals, primary",Area harvested,2023,100251837
China,"Cereals, primary",Yield,2023,6418.3
China,"Cereals, primary",Production,2023,643445517.3
China,"Roots and Tubers, Total",Area harvested,1961,12314919
China,"Roots and Tubers, Total",Yield,1961,7478.1
China,"Roots and Tubers, Total",Production,1961,92091965
China,"Roots and Tubers, Total",Area harvested,1962,12565286
China,"Roots and Tubers, Total",Yield,1962,7871
China,"Roots and Tubers, Total",Production,1962,98901835
China,"Roots and Tubers, Total",Area harvested,1963,10942407
China,"Roots and Tubers, Total",Yield,1963,8200.7
China,"Roots and Tubers, Total",Production,1963,89735829
China,"Roots and Tubers, Total",Area harvested,1964,11678005
China,"Roots and Tubers, Total",Yield,1964,7356.8
China,"Roots and Tubers, Total",Production,1964,85912981
China,"Roots and Tubers, Total",Area harvested,1965,11126633
China,"Roots and Tubers, Total",Yield,1965,9406.5
China,"Roots and Tubers, Total",Production,1965,104662611
China,"Roots and Tubers, Total",Area harvested,1966,12060194
China,"Roots and Tubers, Total",Yield,1966,9820.2
China,"Roots and Tubers, Total",Production,1966,118433387
China,"Roots and Tubers, Total",Area harvested,1967,11138218
China,"Roots and Tubers, Total",Yield,1967,10617
China,"Roots and Tubers, Total",Production,1967,118254973
China,"Roots and Tubers, Total",Area harvested,1968,10755426
China,"Roots and Tubers, Total",Yield,1968,10929.6
China,"Roots and Tubers, Total",Production,1968,117552983
China,"Roots and Tubers, Total",Area harvested,1969,10903146
China,"Roots and Tubers, Total",Yield,1969,11656.5
China,"Roots and Tubers, Total",Production,1969,127092732
China,"Roots and Tubers, Total",Area harvested,1970,11178185
China,"Roots and Tubers, Total",Yield,1970,12499
China,"Roots and Tubers, Total",Production,1970,139716193
China,"Roots and Tubers, Total",Area harvested,1971,10871275
China,"Roots and Tubers, Total",Yield,1971,12154.4
China,"Roots and Tubers, Total",Production,1971,132133519
China,"Roots and Tubers, Total",Area harvested,1972,11807771
China,"Roots and Tubers, Total",Yield,1972,10906.1
China,"Roots and Tubers, Total",Production,1972,128776605
China,"Roots and Tubers, Total",Area harvested,1973,11772335
China,"Roots and Tubers, Total",Yield,1973,13962.4
China,"Roots and Tubers, Total",Production,1973,164370120
China,"Roots and Tubers, Total",Area harvested,1974,11520922
China,"Roots and Tubers, Total",Yield,1974,12795
China,"Roots and Tubers, Total",Production,1974,147410329
China,"Roots and Tubers, Total",Area harvested,1975,11406513
China,"Roots and Tubers, Total",Yield,1975,13032.6
China,"Roots and Tubers, Total",Production,1975,148657042
China,"Roots and Tubers, Total",Area harvested,1976,10775386
China,"Roots and Tubers, Total",Yield,1976,12876.2
China,"Roots and Tubers, Total",Production,1976,138745988
China,"Roots and Tubers, Total",Area harvested,1977,11633913
China,"Roots and Tubers, Total",Yield,1977,13231.6
China,"Roots and Tubers, Total",Production,1977,153935527
China,"Roots and Tubers, Total",Area harvested,1978,12195393
China,"Roots and Tubers, Total",Yield,1978,13466.9
China,"Roots and Tubers, Total",Production,1978,164234227
China,"Roots and Tubers, Total",Area harvested,1979,11333035
China,"Roots and Tubers, Total",Yield,1979,13048.1
China,"Roots and Tubers, Total",Production,1979,147874819
China,"Roots and Tubers, Total",Area harvested,1980,10548224
China,"Roots and Tubers, Total",Yield,1980,14173.8
China,"Roots and Tubers, Total",Production,1980,149508755
China,"Roots and Tubers, Total",Area harvested,1981,10011244
China,"Roots and Tubers, Total",Yield,1981,13552.7
China,"Roots and Tubers, Total",Production,1981,135678909
China,"Roots and Tubers, Total",Area harvested,1982,9756883
China,"Roots and Tubers, Total",Yield,1982,14458.7
China,"Roots and Tubers, Total",Production,1982,141071730
China,"Roots and Tubers, Total",Area harvested,1983,9783765
China,"Roots and Tubers, Total",Yield,1983,15544.7
China,"Roots and Tubers, Total",Production,1983,152085799
China,"Roots and Tubers, Total",Area harvested,1984,9376220
China,"Roots and Tubers, Total",Yield,1984,15804.5
China,"Roots and Tubers, Total",Production,1984,148186602
China,"Roots and Tubers, Total",Area harvested,1985,8948283
China,"Roots and Tubers, Total",Yield,1985,15146.1
China,"Roots and Tubers, Total",Production,1985,135531247
China,"Roots and Tubers, Total",Area harvested,1986,9043792
China,"Roots and Tubers, Total",Yield,1986,14593.5
China,"Roots and Tubers, Total",Production,1986,131980205
China,"Roots and Tubers, Total",Area harvested,1987,9221520
China,"Roots and Tubers, Total",Yield,1987,15852.3
China,"Roots and Tubers, Total",Production,1987,146181855
China,"Roots and Tubers, Total",Area harvested,1988,9397511
China,"Roots and Tubers, Total",Yield,1988,14858.2
China,"Roots and Tubers, Total",Production,1988,139630062
China,"Roots and Tubers, Total",Area harvested,1989,9426061
China,"Roots and Tubers, Total",Yield,1989,14984.5
China,"Roots and Tubers, Total",Production,1989,141244869
China,"Roots and Tubers, Total",Area harvested,1990,9436847
China,"Roots and Tubers, Total",Yield,1990,14979
China,"Roots and Tubers, Total",Production,1990,141354540
China,"Roots and Tubers, Total",Area harvested,1991,9396820
China,"Roots and Tubers, Total",Yield,1991,14964.2
China,"Roots and Tubers, Total",Production,1991,140615815
China,"Roots and Tubers, Total",Area harvested,1992,9565551
China,"Roots and Tubers, Total",Yield,1992,15380.7
China,"Roots and Tubers, Total",Production,1992,147124496.3
China,"Roots and Tubers, Total",Area harvested,1993,9627535
China,"Roots and Tubers, Total",Yield,1993,17036
China,"Roots and Tubers, Total",Production,1993,164014320
China,"Roots and Tubers, Total",Area harvested,1994,9596450
China,"Roots and Tubers, Total",Yield,1994,16293.9
China,"Roots and Tubers, Total",Production,1994,156363742.6
China,"Roots and Tubers, Total",Area harvested,1995,9845602
China,"Roots and Tubers, Total",Yield,1995,17092.5
China,"Roots and Tubers, Total",Production,1995,168285881.7
China,"Roots and Tubers, Total",Area harvested,1996,10126198
China,"Roots and Tubers, Total",Yield,1996,17979.2
China,"Roots and Tubers, Total",Production,1996,182060968
China,"Roots and Tubers, Total",Area harvested,1997,10120956
China,"Roots and Tubers, Total",Yield,1997,16300
China,"Roots and Tubers, Total",Production,1997,164971639.4
China,"Roots and Tubers, Total",Area harvested,1998,10340362
China,"Roots and Tubers, Total",Yield,1998,17934.4
China,"Roots and Tubers, Total",Production,1998,185448147
China,"Roots and Tubers, Total",Area harvested,1999,10688708
China,"Roots and Tubers, Total",Yield,1999,17548.3
China,"Roots and Tubers, Total",Production,1999,187568990.3
China,"Roots and Tubers, Total",Area harvested,2000,10876496
China,"Roots and Tubers, Total",Yield,2000,17457.7
China,"Roots and Tubers, Total",Production,2000,189878797.5
China,"Roots and Tubers, Total",Area harvested,2001,10558224
China,"Roots and Tubers, Total",Yield,2001,17411.2
China,"Roots and Tubers, Total",Production,2001,183831302.8
China,"Roots and Tubers, Total",Area harvested,2002,10228029
China,"Roots and Tubers, Total",Yield,2002,18485.1
China,"Roots and Tubers, Total",Production,2002,189065631.5
China,"Roots and Tubers, Total",Area harvested,2003,10057638
China,"Roots and Tubers, Total",Yield,2003,18052.8
China,"Roots and Tubers, Total",Production,2003,181568508.1
China,"Roots and Tubers, Total",Area harvested,2004,9803585
China,"Roots and Tubers, Total",Yield,2004,18717.1
China,"Roots and Tubers, Total",Production,2004,183494772.7
China,"Roots and Tubers, Total",Area harvested,2005,9863064
China,"Roots and Tubers, Total",Yield,2005,18171.2
China,"Roots and Tubers, Total",Production,2005,179223704.1
China,"Roots and Tubers, Total",Area harvested,2006,8242504
China,"Roots and Tubers, Total",Yield,2006,18402.3
China,"Roots and Tubers, Total",Production,2006,151681187
China,"Roots and Tubers, Total",Area harvested,2007,8383702
China,"Roots and Tubers, Total",Yield,2007,17371.9
China,"Roots and Tubers, Total",Production,2007,145641096
China,"Roots and Tubers, Total",Area harvested,2008,8656526
China,"Roots and Tubers, Total",Yield,2008,17690.8
China,"Roots and Tubers, Total",Production,2008,153140639
China,"Roots and Tubers, Total",Area harvested,2009,8469870
China,"Roots and Tubers, Total",Yield,2009,17254.5
China,"Roots and Tubers, Total",Production,2009,146143420
China,"Roots and Tubers, Total",Area harvested,2010,8405888
China,"Roots and Tubers, Total",Yield,2010,17689.8
China,"Roots and Tubers, Total",Production,2010,148698158.7
China,"Roots and Tubers, Total",Area harvested,2011,8378619
China,"Roots and Tubers, Total",Yield,2011,18226.4
China,"Roots and Tubers, Total",Production,2011,152711821.8
China,"Roots and Tubers, Total",Area harvested,2012,8210598
China,"Roots and Tubers, Total",Yield,2012,18371.4
China,"Roots and Tubers, Total",Production,2012,150839926
China,"Roots and Tubers, Total",Area harvested,2013,8123549
China,"Roots and Tubers, Total",Yield,2013,18407.1
China,"Roots and Tubers, Total",Production,2013,149531287
China,"Roots and Tubers, Total",Area harvested,2014,7947555
China,"Roots and Tubers, Total",Yield,2014,18473.6
China,"Roots and Tubers, Total",Production,2014,146820227.3
China,"Roots and Tubers, Total",Area harvested,2015,7707696
China,"Roots and Tubers, Total",Yield,2015,18686.3
China,"Roots and Tubers, Total",Production,2015,144028513.7
China,"Roots and Tubers, Total",Area harvested,2016,7649638
China,"Roots and Tubers, Total",Yield,2016,18748.5
China,"Roots and Tubers, Total",Production,2016,143419020.4
China,"Roots and Tubers, Total",Area harvested,2017,7585719
China,"Roots and Tubers, Total",Yield,2017,19394.3
China,"Roots and Tubers, Total",Production,2017,147119605.1
China,"Roots and Tubers, Total",Area harvested,2018,7543106
China,"Roots and Tubers, Total",Yield,2018,19956.3
China,"Roots and Tubers, Total",Production,2018,150532287.1
China,"Roots and Tubers, Total",Area harvested,2019,6726342
China,"Roots and Tubers, Total",Yield,2019,21849.9
China,"Roots and Tubers, Total",Production,2019,146969777.8
China,"Roots and Tubers, Total",Area harvested,2020,7413197
China,"Roots and Tubers, Total",Yield,2020,20473.1
China,"Roots and Tubers, Total",Production,2020,151771342.6
China,"Roots and Tubers, Total",Area harvested,2021,7374431
China,"Roots and Tubers, Total",Yield,2021,20790
China,"Roots and Tubers, Total",Production,2021,153314668.5
China,"Roots and Tubers, Total",Area harvested,2022,7263660
China,"Roots and Tubers, Total",Yield,2022,20769.4
China,"Roots and Tubers, Total",Production,2022,150862102.8
China,"Roots and Tubers, Total",Area harvested,2023,7311012
China,"Roots and Tubers, Total",Yield,2023,20827.3
China,"Roots and Tubers, Total",Production,2023,152268438.5
China,Sugar Crops Primary,Area harvested,1961,499100
China,Sugar Crops Primary,Yield,1961,26473
China,Sugar Crops Primary,Production,1961,13212694
China,Sugar Crops Primary,Area harvested,1962,334900
China,Sugar Crops Primary,Yield,1962,30362.2
China,Sugar Crops Primary,Production,1962,10168314
China,Sugar Crops Primary,Area harvested,1963,360482
China,Sugar Crops Primary,Yield,1963,41821.6
China,Sugar Crops Primary,Production,1963,15075929
China,Sugar Crops Primary,Area harvested,1964,529683
China,Sugar Crops Primary,Yield,1964,38645.1
China,Sugar Crops Primary,Production,1964,20469654
China,Sugar Crops Primary,Area harvested,1965,635928
China,Sugar Crops Primary,Yield,1965,39474.1
China,Sugar Crops Primary,Production,1965,25102700
China,Sugar Crops Primary,Area harvested,1966,648924
China,Sugar Crops Primary,Yield,1966,35759.1
China,Sugar Crops Primary,Production,1966,23204970
China,Sugar Crops Primary,Area harvested,1967,620952
China,Sugar Crops Primary,Yield,1967,35820.7
China,Sugar Crops Primary,Production,1967,22242930
China,Sugar Crops Primary,Area harvested,1968,590948
China,Sugar Crops Primary,Yield,1968,35609.1
China,Sugar Crops Primary,Production,1968,21043100
China,Sugar Crops Primary,Area harvested,1969,610581
China,Sugar Crops Primary,Yield,1969,32960
China,Sugar Crops Primary,Production,1969,20124720
China,Sugar Crops Primary,Area harvested,1970,676262
China,Sugar Crops Primary,Yield,1970,32244.5
China,Sugar Crops Primary,Production,1970,21805758
China,Sugar Crops Primary,Area harvested,1971,738603
China,Sugar Crops Primary,Yield,1971,31718.3
China,Sugar Crops Primary,Production,1971,23427216
China,Sugar Crops Primary,Area harvested,1972,837415
China,Sugar Crops Primary,Yield,1972,31176.6
China,Sugar Crops Primary,Production,1972,26107793
China,Sugar Crops Primary,Area harvested,1973,892326
China,Sugar Crops Primary,Yield,1973,30714.4
China,Sugar Crops Primary,Production,1973,27407274
China,Sugar Crops Primary,Area harvested,1974,863500
China,Sugar Crops Primary,Yield,1974,32272
China,Sugar Crops Primary,Production,1974,27866897
China,Sugar Crops Primary,Area harvested,1975,928899
China,Sugar Crops Primary,Yield,1975,29111.7
China,Sugar Crops Primary,Production,1975,27041824
China,Sugar Crops Primary,Area harvested,1976,1010200
China,Sugar Crops Primary,Yield,1976,28254.4
China,Sugar Crops Primary,Production,1976,28542645
China,Sugar Crops Primary,Area harvested,1977,981672
China,Sugar Crops Primary,Yield,1977,32098.2
China,Sugar Crops Primary,Production,1977,31509866
China,Sugar Crops Primary,Area harvested,1978,990022
China,Sugar Crops Primary,Yield,1978,32419.9
China,Sugar Crops Primary,Production,1978,32096391
China,Sugar Crops Primary,Area harvested,1979,947365
China,Sugar Crops Primary,Yield,1979,36197.6
China,Sugar Crops Primary,Production,1979,34292369
China,Sugar Crops Primary,Area harvested,1980,1033614
China,Sugar Crops Primary,Yield,1980,37037.6
China,Sugar Crops Primary,Production,1980,38282589
China,Sugar Crops Primary,Area harvested,1981,1093666
China,Sugar Crops Primary,Yield,1981,40907.9
China,Sugar Crops Primary,Production,1981,44739599
China,Sugar Crops Primary,Area harvested,1982,1220082
China,Sugar Crops Primary,Yield,1982,42782.7
China,Sugar Crops Primary,Production,1982,52198381
China,Sugar Crops Primary,Area harvested,1983,1292066
China,Sugar Crops Primary,Yield,1983,36999.5
China,Sugar Crops Primary,Production,1983,47805778
China,Sugar Crops Primary,Area harvested,1984,1316354
China,Sugar Crops Primary,Yield,1984,41595.2
China,Sugar Crops Primary,Production,1984,54754036
China,Sugar Crops Primary,Area harvested,1985,1612459
China,Sugar Crops Primary,Yield,1985,41942.1
China,Sugar Crops Primary,Production,1985,67629871
China,Sugar Crops Primary,Area harvested,1986,1537585
China,Sugar Crops Primary,Yield,1986,42137.1
China,Sugar Crops Primary,Production,1986,64789312
China,Sugar Crops Primary,Area harvested,1987,1422464
China,Sugar Crops Primary,Yield,1987,42849.2
China,Sugar Crops Primary,Production,1987,60951505
China,Sugar Crops Primary,Area harvested,1988,1743000
China,Sugar Crops Primary,Yield,1988,39513.9
China,Sugar Crops Primary,Production,1988,68872765
China,Sugar Crops Primary,Area harvested,1989,1598962
China,Sugar Crops Primary,Yield,1989,40581.7
China,Sugar Crops Primary,Production,1989,64888527
China,Sugar Crops Primary,Area harvested,1990,1747777
China,Sugar Crops Primary,Yield,1990,44614.1
China,Sugar Crops Primary,Production,1990,77975580
China,Sugar Crops Primary,Area harvested,1991,2010600
China,Sugar Crops Primary,Yield,1991,44257.5
China,Sugar Crops Primary,Production,1991,88984122
China,Sugar Crops Primary,Area harvested,1992,1969897
China,Sugar Crops Primary,Yield,1992,47686.4
China,Sugar Crops Primary,Production,1992,93937353
China,Sugar Crops Primary,Area harvested,1993,1751203
China,Sugar Crops Primary,Yield,1993,46279.8
China,Sugar Crops Primary,Production,1993,81045310
China,Sugar Crops Primary,Area harvested,1994,1817808
China,Sugar Crops Primary,Yield,1994,43434.7
China,Sugar Crops Primary,Production,1994,78955971
China,Sugar Crops Primary,Area harvested,1995,1880456
China,Sugar Crops Primary,Yield,1995,44810
China,Sugar Crops Primary,Production,1995,84263210
China,Sugar Crops Primary,Area harvested,1996,1900182
China,Sugar Crops Primary,Yield,1996,46304.4
China,Sugar Crops Primary,Production,1996,87986748
China,Sugar Crops Primary,Area harvested,1997,1973265
China,Sugar Crops Primary,Yield,1997,49652.3
China,Sugar Crops Primary,Production,1997,97977089
China,Sugar Crops Primary,Area harvested,1998,2031955
China,Sugar Crops Primary,Yield,1998,50035.7
China,Sugar Crops Primary,Production,1998,101670223
China,Sugar Crops Primary,Area harvested,1999,1686199
China,Sugar Crops Primary,Yield,1999,51445.2
China,Sugar Crops Primary,Production,1999,86746790
China,Sugar Crops Primary,Area harvested,2000,1552584
China,Sugar Crops Primary,Yield,2000,51122.5
China,Sugar Crops Primary,Production,2000,79372030
China,Sugar Crops Primary,Area harvested,2001,1687238
China,Sugar Crops Primary,Yield,2001,52662.6
China,Sugar Crops Primary,Production,2001,88854289
China,Sugar Crops Primary,Area harvested,2002,1844820
China,Sugar Crops Primary,Yield,2002,56928.3
China,Sugar Crops Primary,Production,2002,105022531
China,Sugar Crops Primary,Area harvested,2003,1680230
China,Sugar Crops Primary,Yield,2003,58456.8
China,Sugar Crops Primary,Production,2003,98220800
China,Sugar Crops Primary,Area harvested,2004,1582959
China,Sugar Crops Primary,Yield,2004,61215.5
China,Sugar Crops Primary,Production,2004,96901550
China,Sugar Crops Primary,Area harvested,2005,1575757
China,Sugar Crops Primary,Yield,2005,60580
China,Sugar Crops Primary,Production,2005,95459312
China,Sugar Crops Primary,Area harvested,2006,1577940
China,Sugar Crops Primary,Yield,2006,66741.4
China,Sugar Crops Primary,Production,2006,105313957
China,Sugar Crops Primary,Area harvested,2007,1812343
China,Sugar Crops Primary,Yield,2007,67681.8
China,Sugar Crops Primary,Production,2007,122662617
China,Sugar Crops Primary,Area harvested,2008,2000450
China,Sugar Crops Primary,Yield,2008,67465.7
China,Sugar Crops Primary,Production,2008,134961702
China,Sugar Crops Primary,Area harvested,2009,1893872
China,Sugar Crops Primary,Yield,2009,65173.3
China,Sugar Crops Primary,Production,2009,123429972
China,Sugar Crops Primary,Area harvested,2010,1914844
China,Sugar Crops Primary,Yield,2010,63084.7
China,Sugar Crops Primary,Production,2010,120797383
China,Sugar Crops Primary,Area harvested,2011,1956975
China,Sugar Crops Primary,Yield,2011,64310.5
China,Sugar Crops Primary,Production,2011,125853960
China,Sugar Crops Primary,Area harvested,2012,2039113
China,Sugar Crops Primary,Yield,2012,66417
China,Sugar Crops Primary,Production,2012,135431817
China,Sugar Crops Primary,Area harvested,2013,2006783
China,Sugar Crops Primary,Yield,2013,68764.3
China,Sugar Crops Primary,Production,2013,137994938
China,Sugar Crops Primary,Area harvested,2014,1907168
China,Sugar Crops Primary,Yield,2014,70341.9
China,Sugar Crops Primary,Production,2014,134153869
China,Sugar Crops Primary,Area harvested,2015,1581466
China,Sugar Crops Primary,Yield,2015,71336.9
China,Sugar Crops Primary,Production,2015,112816911
China,Sugar Crops Primary,Area harvested,2016,1565642
China,Sugar Crops Primary,Yield,2016,71749.1
China,Sugar Crops Primary,Production,2016,112333445
China,Sugar Crops Primary,Area harvested,2017,1553892
China,Sugar Crops Primary,Yield,2017,73550.9
China,Sugar Crops Primary,Production,2017,114290105
China,Sugar Crops Primary,Area harvested,2018,1631103
China,Sugar Crops Primary,Yield,2018,73567.1
China,Sugar Crops Primary,Production,2018,119995571
China,Sugar Crops Primary,Area harvested,2019,1618283
China,Sugar Crops Primary,Yield,2019,75534.6
China,Sugar Crops Primary,Production,2019,122236347
China,Sugar Crops Primary,Area harvested,2020,1574676
China,Sugar Crops Primary,Yield,2020,76609.9
China,Sugar Crops Primary,Production,2020,120635796
China,Sugar Crops Primary,Area harvested,2021,1465669
China,Sugar Crops Primary,Yield,2021,78537.1
China,Sugar Crops Primary,Production,2021,115109424
China,Sugar Crops Primary,Area harvested,2022,1459935
China,Sugar Crops Primary,Yield,2022,77284.5
China,Sugar Crops Primary,Production,2022,112830279
China,Sugar Crops Primary,Area harvested,2023,1472741
China,Sugar Crops Primary,Yield,2023,77508.2
China,Sugar Crops Primary,Production,2023,114149560.9
China,Vegetables Primary,Area harvested,1961,5002595
China,Vegetables Primary,Yield,1961,10035.3
China,Vegetables Primary,Production,1961,50202520
China,Vegetables Primary,Area harvested,1962,4466694
China,Vegetables Primary,Yield,1962,10492.6
China,Vegetables Primary,Production,1962,46867243
China,Vegetables Primary,Area harvested,1963,3868166
China,Vegetables Primary,Yield,1963,10744.8
China,Vegetables Primary,Production,1963,41562506
China,Vegetables Primary,Area harvested,1964,3477614
China,Vegetables Primary,Yield,1964,10755.9
China,Vegetables Primary,Production,1964,37404966
China,Vegetables Primary,Area harvested,1965,3546408
China,Vegetables Primary,Yield,1965,11197.2
China,Vegetables Primary,Production,1965,39709771
China,Vegetables Primary,Area harvested,1966,3423917
China,Vegetables Primary,Yield,1966,11437.5
China,Vegetables Primary,Production,1966,39161051
China,Vegetables Primary,Area harvested,1967,3429051
China,Vegetables Primary,Yield,1967,11657.9
China,Vegetables Primary,Production,1967,39975396
China,Vegetables Primary,Area harvested,1968,3363400
China,Vegetables Primary,Yield,1968,12574.5
China,Vegetables Primary,Production,1968,42293193
China,Vegetables Primary,Area harvested,1969,3331601
China,Vegetables Primary,Yield,1969,13124.1
China,Vegetables Primary,Production,1969,43724295
China,Vegetables Primary,Area harvested,1970,2538923
China,Vegetables Primary,Yield,1970,14284.9
China,Vegetables Primary,Production,1970,36268319
China,Vegetables Primary,Area harvested,1971,2805033
China,Vegetables Primary,Yield,1971,14387.8
China,Vegetables Primary,Production,1971,40358252
China,Vegetables Primary,Area harvested,1972,2716653
China,Vegetables Primary,Yield,1972,13688.7
China,Vegetables Primary,Production,1972,37187480
China,Vegetables Primary,Area harvested,1973,2981553
China,Vegetables Primary,Yield,1973,13901
China,Vegetables Primary,Production,1973,41446498
China,Vegetables Primary,Area harvested,1974,2914638
China,Vegetables Primary,Yield,1974,14299.2
China,Vegetables Primary,Production,1974,41677121
China,Vegetables Primary,Area harvested,1975,3024772
China,Vegetables Primary,Yield,1975,14292.4
China,Vegetables Primary,Production,1975,43231227
China,Vegetables Primary,Area harvested,1976,3017661
China,Vegetables Primary,Yield,1976,14218.4
China,Vegetables Primary,Production,1976,42906303
China,Vegetables Primary,Area harvested,1977,3166760
China,Vegetables Primary,Yield,1977,14246.1
China,Vegetables Primary,Production,1977,45113985
China,Vegetables Primary,Area harvested,1978,3567420
China,Vegetables Primary,Yield,1978,14086.4
China,Vegetables Primary,Production,1978,50252158
China,Vegetables Primary,Area harvested,1979,3542723
China,Vegetables Primary,Yield,1979,14373.7
China,Vegetables Primary,Production,1979,50922197
China,Vegetables Primary,Area harvested,1980,3466192
China,Vegetables Primary,Yield,1980,14289
China,Vegetables Primary,Production,1980,49528582
China,Vegetables Primary,Area harvested,1981,3760174
China,Vegetables Primary,Yield,1981,15075.1
China,Vegetables Primary,Production,1981,56684920
China,Vegetables Primary,Area harvested,1982,4168030
China,Vegetables Primary,Yield,1982,14749.1
China,Vegetables Primary,Production,1982,61474781
China,Vegetables Primary,Area harvested,1983,4395244
China,Vegetables Primary,Yield,1983,15788.4
China,Vegetables Primary,Production,1983,69393722
China,Vegetables Primary,Area harvested,1984,4535787
China,Vegetables Primary,Yield,1984,17361.3
China,Vegetables Primary,Production,1984,78747113
China,Vegetables Primary,Area harvested,1985,5109069
China,Vegetables Primary,Yield,1985,15762.5
China,Vegetables Primary,Production,1985,80531494
China,Vegetables Primary,Area harvested,1986,5689050
China,Vegetables Primary,Yield,1986,16945.1
China,Vegetables Primary,Production,1986,96401422
China,Vegetables Primary,Area harvested,1987,5986717
China,Vegetables Primary,Yield,1987,16713.7
China,Vegetables Primary,Production,1987,100060235
China,Vegetables Primary,Area harvested,1988,6445896
China,Vegetables Primary,Yield,1988,16733.2
China,Vegetables Primary,Production,1988,107860654
China,Vegetables Primary,Area harvested,1989,6778234
China,Vegetables Primary,Yield,1989,16551.8
China,Vegetables Primary,Production,1989,112191813
China,Vegetables Primary,Area harvested,1990,6840286
China,Vegetables Primary,Yield,1990,17233.4
China,Vegetables Primary,Production,1990,117881447.6
China,Vegetables Primary,Area harvested,1991,7127898
China,Vegetables Primary,Yield,1991,16880.7
China,Vegetables Primary,Production,1991,120323622.7
China,Vegetables Primary,Area harvested,1992,7324861
China,Vegetables Primary,Yield,1992,18143.8
China,Vegetables Primary,Production,1992,132901081
China,Vegetables Primary,Area harvested,1993,8653123
China,Vegetables Primary,Yield,1993,17915.6
China,Vegetables Primary,Production,1993,155026089
China,Vegetables Primary,Area harvested,1994,9536112
China,Vegetables Primary,Yield,1994,18014
China,Vegetables Primary,Production,1994,171783090.3
China,Vegetables Primary,Area harvested,1995,10169007
China,Vegetables Primary,Yield,1995,18212.4
China,Vegetables Primary,Production,1995,185201934.9
China,Vegetables Primary,Area harvested,1996,11159865
China,Vegetables Primary,Yield,1996,18265.9
China,Vegetables Primary,Production,1996,203844573.4
China,Vegetables Primary,Area harvested,1997,12029677
China,Vegetables Primary,Yield,1997,17526.4
China,Vegetables Primary,Production,1997,210836460.2
China,Vegetables Primary,Area harvested,1998,12893913
China,Vegetables Primary,Yield,1998,17000.9
China,Vegetables Primary,Production,1998,219207836
China,Vegetables Primary,Area harvested,1999,14318444
China,Vegetables Primary,Yield,1999,16551.4
China,Vegetables Primary,Production,1999,236989752.4
China,Vegetables Primary,Area harvested,2000,15949564
China,Vegetables Primary,Yield,2000,19125.7
China,Vegetables Primary,Production,2000,305046307.4
China,Vegetables Primary,Area harvested,2001,16701964
China,Vegetables Primary,Yield,2001,19141.4
China,Vegetables Primary,Production,2001,319698929.7
China,Vegetables Primary,Area harvested,2002,17446867
China,Vegetables Primary,Yield,2002,19746.3
China,Vegetables Primary,Production,2002,344510980.7
China,Vegetables Primary,Area harvested,2003,17926718
China,Vegetables Primary,Yield,2003,19912.5
China,Vegetables Primary,Production,2003,356965280.4
China,Vegetables Primary,Area harvested,2004,18756067
China,Vegetables Primary,Yield,2004,19521
China,Vegetables Primary,Production,2004,366136942.1
China,Vegetables Primary,Area harvested,2005,19305133
China,Vegetables Primary,Yield,2005,19716.2
China,Vegetables Primary,Production,2005,380623696
China,Vegetables Primary,Area harvested,2006,19550495
China,Vegetables Primary,Yield,2006,20273.7
China,Vegetables Primary,Production,2006,396361128.9
China,Vegetables Primary,Area harvested,2007,20009841
China,Vegetables Primary,Yield,2007,21158
China,Vegetables Primary,Production,2007,423367898.2
China,Vegetables Primary,Area harvested,2008,19972727
China,Vegetables Primary,Yield,2008,22355.4
China,Vegetables Primary,Production,2008,446498509.5
China,Vegetables Primary,Area harvested,2009,20552498
China,Vegetables Primary,Yield,2009,22429.5
China,Vegetables Primary,Production,2009,460983124.9
China,Vegetables Primary,Area harvested,2010,21196996
China,Vegetables Primary,Yield,2010,22501.3
China,Vegetables Primary,Production,2010,476960772.4
China,Vegetables Primary,Area harvested,2011,21796811
China,Vegetables Primary,Yield,2011,22843.2
China,Vegetables Primary,Production,2011,497909711.3
China,Vegetables Primary,Area harvested,2012,22007461
China,Vegetables Primary,Yield,2012,23080.1
China,Vegetables Primary,Production,2012,507933791
China,Vegetables Primary,Area harvested,2013,22066696
China,Vegetables Primary,Yield,2013,23584.2
China,Vegetables Primary,Production,2013,520424596.1
China,Vegetables Primary,Area harvested,2014,22481830
China,Vegetables Primary,Yield,2014,23728.5
China,Vegetables Primary,Production,2014,533459392.3
China,Vegetables Primary,Area harvested,2015,23496933
China,Vegetables Primary,Yield,2015,24010.8
China,Vegetables Primary,Production,2015,564181099.2
China,Vegetables Primary,Area harvested,2016,22864236
China,Vegetables Primary,Yield,2016,24481
China,Vegetables Primary,Production,2016,559740270.4
China,Vegetables Primary,Area harvested,2017,23162907
China,Vegetables Primary,Yield,2017,24583.3
China,Vegetables Primary,Production,2017,569421823.4
China,Vegetables Primary,Area harvested,2018,23343131
China,Vegetables Primary,Yield,2018,24780.7
China,Vegetables Primary,Production,2018,578458232.7
China,Vegetables Primary,Area harvested,2019,23564835
China,Vegetables Primary,Yield,2019,24984.2
China,Vegetables Primary,Production,2019,588747704.7
China,Vegetables Primary,Area harvested,2020,23536523
China,Vegetables Primary,Yield,2020,25302.2
China,Vegetables Primary,Production,2020,595526487.3
China,Vegetables Primary,Area harvested,2021,23635426
China,Vegetables Primary,Yield,2021,25516.9
China,Vegetables Primary,Production,2021,603102205.1
China,Vegetables Primary,Area harvested,2022,23746039
China,Vegetables Primary,Yield,2022,25814
China,Vegetables Primary,Production,2022,612979132.3
China,Vegetables Primary,Area harvested,2023,23805403
China,Vegetables Primary,Yield,2023,26101.9
China,Vegetables Primary,Production,2023,621365795.6
