Entity,Year,Area Harvested,Production,Yield,Population,Area Harvested Index (1961=100),Production Index (1961=100),Yield Index (1961=100),Population Index (1961=100),Area Harvested Index (1961=0) - Net Change (%),Production Index (1961=0) - Net Change (%),Yield Index (1961=0) - Net Change (%),Population Index (1961=0) - Net Change (%),Area Harvested YOY Change (%),Production YOY Change (%),Yield YOY Change (%),Population YOY Change (%)
World,1961,647997184,876874500,1.3532,3064869675,100.0,100.0,100.0,100.0,0.0,0.0,0.0,0.0,,,,
World,1962,653839488,933372900,1.4275,3123374312,100.9015940414951,106.44315691698185,105.49068873780669,101.90887845826593,0.9015940414951018,6.443156916981849,5.490688737806693,1.9088784582659315,0.9015940414951018,6.4431569169818514,5.490688737806693,1.908878458265928
World,1963,659234432,949345860,1.4401001,3192807826,101.73415074593903,108.26473571759698,106.42182234702926,104.17434229075336,1.7341507459390328,8.264735717596977,6.421822347029263,4.1743422907533585,0.8251174942801809,1.711316023852838,0.8826690017513128,2.223028912456515
World,1964,670231872,1001214000,1.4938002,3264487343,103.43129392364767,114.17985127860373,110.39020100502512,106.51308829306095,3.4312939236476723,14.179851278603735,10.39020100502512,6.513088293060946,1.668213835044341,5.463566249712204,3.7289143997698337,2.245030734900233
World,1965,667195136,998593000,1.4967,3334533710,102.9626597883487,113.88094875606487,110.6044930535028,108.7985481797036,2.9626597883487023,13.880948756064868,10.604493053502793,8.798548179703602,-0.4530873757074949,-0.2617821964135514,0.19412234648248372,2.1457080282513363
World,1966,669678976,1078340200,1.6102,3404041131,103.34597009606759,122.97543148991103,118.99201891812001,111.06642343609603,3.345970096067589,22.97543148991103,18.99201891812001,11.06642343609603,0.37228089144822896,7.985956240430281,7.583350036747527,2.084471984540226
World,1967,679890944,1124081300,1.6533002,3473412877,104.92189793219842,128.19181080074742,122.17707655926692,113.32987191372175,4.921897932198419,28.19181080074742,22.177076559266922,13.329871913721746,1.5249049717815932,4.241806064542519,2.676698546764378,2.037923260334429
World,1968,684204608,1160679000,1.6964,3545187246,105.5875897139701,132.3654639289887,125.36210464085131,115.67171272951435,5.587589713970104,32.3654639289887,25.362104640851314,15.671712729514354,0.6344641060552103,3.2557876374244454,2.606894984951902,2.066393243235498
World,1969,685279104,1170980100,1.7088001,3619491581,105.75340771851256,133.54021584616726,126.27845846881468,118.09610080728801,5.7534077185125625,33.54021584616726,26.278458468814677,18.09610080728801,0.15704308147541646,0.8875063648088766,0.7309655741570387,2.0959213108937114
World,1970,675463488,1192507600,1.7655001,3694683794,104.23864558028697,135.99524219258285,130.46852645580844,120.5494584039695,4.2386455802869705,35.99524219258285,30.468526455808444,20.549458403969496,-1.4323530285260233,1.8384172369795282,3.31811778334985,2.077424724364896
World,1971,686870080,1299667700,1.8922,3769847867,105.9989297731269,148.21593055790765,139.8315104936447,123.00189785394382,5.998929773126903,48.215930557907654,39.831510493644714,23.001897853943817,1.6887059334286247,8.986114637759957,7.176431199295896,2.0343844613188056
World,1972,677270400,1258478700,1.8582001,3844917684,104.51749123650514,143.5186791268306,137.31895506946498,125.45126193661073,4.517491236505137,43.51867912683059,37.31895506946498,25.451261936610734,-1.3975976359313802,-3.1691947103094087,-1.7968449423951038,1.9913221872197129
World,1973,699334848,1357015200,1.9404001,3920805041,107.92251344104606,154.75592003188598,143.39344516701152,127.92730056295134,7.922513441046064,54.75592003188598,43.39344516701152,27.927300562951345,3.257849154488368,7.82981070716573,4.423635538497717,1.9737056352543858
World,1974,700898880,1326549500,1.8926,3996416100,108.16387745289956,151.28156879918393,139.8610700561632,130.39432418933114,8.163877452899555,51.28156879918393,39.861070056163186,30.394324189331144,0.2236456547922483,-2.2450522293339104,-2.4634146328893713,1.9284575032253004
World,1975,710954368,1359804000,1.9126,4070735279,109.71565703594169,155.07395870218602,141.3390481820869,132.81919659438702,9.715657035941689,55.07395870218602,41.33904818208691,32.81919659438702,1.4346560234195227,2.5068419987342994,1.0567473317129927,1.8596456710300968
World,1976,722485248,1463711100,2.0259001,4144246382,111.49512155904677,166.9236703770038,149.71180165533548,135.217703245408,11.495121559046765,66.92367037700379,49.71180165533548,35.21770324540799,1.621887496441965,7.6413291915599535,5.92387849001359,1.8058433664116524
World,1977,719085312,1456344200,2.0253,4217863796,110.97043779745808,166.0835387504141,149.66745492166717,137.61967859204321,10.970437797458075,66.0835387504141,49.66745492166717,37.619678592043215,-0.4705889856452816,-0.5033028717210675,-0.029621401371160427,1.7763763834058643
World,1978,714992384,1582019600,2.2126002,4292097499,110.33881036124997,180.41573794197458,163.50873485072418,140.0417621020052,10.338810361249969,80.41573794197458,63.50873485072418,40.04176210200521,-0.5691853152467119,8.629512171641851,9.24802251518293,1.759983408435306
World,1979,706546752,1537501600,2.1761003,4368539520,109.03546642573063,175.33884267360952,160.81143216080403,142.53589820258833,9.035466425730633,75.33884267360952,60.81143216080403,42.53589820258833,-1.1812198547837993,-2.813998006092966,-1.6496382853079306,1.780994514169576
World,1980,717195648,1549912200,2.1611001,4447606240,110.67882171537337,176.75416493466284,159.70293378657996,145.11567249592758,10.678821715373374,76.75416493466284,59.70293378657996,45.11567249592758,1.5071749986616645,0.8071926559295894,-0.6893156533271827,1.8099119771726402
World,1981,726548096,1632382100,2.2468002,4528777306,112.12210699977364,186.15914820193768,166.0360774460538,147.76410700073242,12.122106999773635,86.15914820193768,66.03607744605381,47.76410700073242,1.304030221890029,5.320940115188466,3.9655775315544206,1.8250506366768615
World,1982,714356160,1692539900,2.3693001,4612673415,110.24062721852816,193.0196282364238,175.08868607744606,150.501453703737,10.24062721852816,93.01962823642381,75.08868607744606,50.50145370373701,-1.6780631684430114,3.685276872369525,5.452193746466638,1.8525112482092876
World,1983,704733504,1626946300,2.3086002,4697327573,108.75564298748557,185.53924193256844,170.60302985515813,153.2635338890878,8.755642987485572,85.53924193256844,70.60302985515813,53.263533889087796,-1.347038989626692,-3.8754536894521685,-2.5619337963983524,1.835251499156909
World,1984,714977664,1786795500,2.4991002,4782175518,110.33653874643998,203.7686692907594,184.68077150458174,156.03193692077625,10.336538746439984,103.76866929075939,84.68077150458174,56.031936920776246,1.45362182184543,9.825106089856806,8.25175359510062,1.8063024918190118
World,1985,720193280,1821240800,2.5288002,4868943457,111.14142125654669,207.6968596988509,186.87556902157849,158.86298516102485,11.141421256546693,107.69685969885089,86.87556902157849,58.86298516102485,0.7294795715464542,1.9277695740782974,1.1884277389117903,1.8144030613976403
World,1986,717353024,1834022400,2.5567,4958072839,110.70310824066792,209.154491321164,188.93733372746084,161.77108212602874,10.703108240667916,109.15449132116399,88.93733372746084,61.771082126028745,-0.3943741324551109,0.7018072514079376,1.1032821019232752,1.8305692556741526
World,1987,697528704,1771529000,2.5397,5049746390,107.64378630386146,202.02765618112971,187.68105232042564,164.76218976586662,7.643786303861461,102.02765618112971,87.68105232042564,64.76218976586662,-2.763537524308257,-3.4074502034435294,-0.6649196229514764,1.8489754785145474
World,1988,702303424,1727627500,2.4599,5141992540,108.3806290121162,197.02106743895507,181.78391959798995,167.77198005980466,8.380629012116202,97.02106743895507,81.78391959798995,67.77198005980466,0.684519500433356,-2.4781699876208596,-3.14210339803912,1.8267481745751546
World,1989,711767296,1871355600,2.6292,5234431736,109.84110943296939,213.41202190279222,194.2950044339344,170.78806902286962,9.84110943296939,113.41202190279222,94.2950044339344,70.78806902286962,1.347547466890897,8.319391767033114,6.882393593235481,1.7977310406599667
World,1990,708073600,1952573800,2.7576003,5327803106,109.27109214104237,222.67425954341243,203.78364617203667,173.83457278652477,9.271092141042374,122.67425954341243,103.78364617203667,73.83457278652477,-0.5189471363404752,4.340073046512383,4.883626198083069,1.7837919130329727
World,1991,705824064,1893842700,2.6832001,5418735886,108.92394001514674,215.97648238145823,198.2855527638191,176.80151068739977,8.92394001514674,115.97648238145823,98.28555276381911,76.80151068739977,-0.3176980472086477,-3.0078811873845646,-2.698005218522781,1.7067593938971726
World,1992,707616320,1969182000,2.7828002,5505989815,109.20052393314104,224.56828200614797,205.64589122080994,179.6484157193405,9.200523933141042,124.56828200614797,105.64589122080994,79.6484157193405,0.25392390135341447,3.978118140434783,3.711989277281247,1.6102266439195212
World,1993,694298560,1901099800,2.7382002,5591544802,107.14530512527661,216.8040922617775,202.35000000000002,182.439887986428,7.145305125276607,116.8040922617775,102.35000000000002,82.439887986428,-1.882059475394804,-3.457384843046507,-1.602702199029593,1.5538529832896275
World,1994,696816256,1966857900,2.8226001,5675551258,107.53384014705843,224.30323837675746,208.5870603015075,185.18083507090722,7.533840147058427,124.30323837675746,108.5870603015075,85.18083507090722,0.3626244018135383,3.4589504454211273,3.0823129733172916,1.5023836698930149
World,1995,683174016,1888057000,2.7637,5758878977,105.42854704751309,215.31667302447502,204.2344073307715,187.899636450284,5.428547047513092,115.31667302447502,104.23440733077149,87.89963645028399,-1.957795887012137,-4.006435848771794,-2.0867320170505077,1.4681872334875834
World,1996,697911616,2053337000,2.9421003,5842055730,107.70287791867933,234.1654364450101,217.4179943836831,190.61351213897865,7.702877918679334,134.1654364450101,117.4179943836831,90.61351213897865,2.1572249024178314,8.753972999755844,6.455125375402537,1.4443219475907432
World,1997,701419584,2100410800,2.9945002,5924787819,108.24423335765607,239.53379873630718,221.2902896837127,193.31287941305365,8.244233357656071,139.53379873630718,121.2902896837127,93.31287941305365,0.5026378583731672,2.2925511009639354,1.7810371726620033,1.4161468637684527
World,1998,679769920,2083172100,3.0645,6007066691,104.90322130782592,237.567873167711,226.4631983446645,195.9974592068095,4.903221307825916,137.567873167711,126.4631983446645,95.99745920680951,-3.086549690634244,-0.8207299257840472,2.3376121330697996,1.3887226768888317
World,1999,670167232,2080834400,3.1049001,6089006328,103.42131857165602,237.3012785752123,229.4487215489211,198.6709705038274,3.421318571656016,137.3012785752123,129.4487215489211,98.67097050382739,-1.4126379702120384,-0.11221828479749396,1.3183259911894396,1.3640540585767802
World,2000,671367680,2059664800,3.0679,6171702992,103.60657369770298,234.88706764765084,226.71445462607153,201.3691819375648,3.6065736977029843,134.88706764765084,126.71445462607153,101.3691819375648,0.1791266332759056,-1.0173611124460469,-1.1916679702512867,1.3581306956395034
World,2001,672489408,2105062700,3.1303003,6254936464,103.77968062280962,240.0643079482868,231.3257685486255,204.08490824328442,3.7796806228096216,140.0643079482868,131.3257685486255,104.08490824328442,0.16708102481191034,2.2041402076687477,2.0339743798689636,1.3486305499128992
World,2002,661615424,2054068000,3.1046002,6337730343,102.10158937974644,234.2488007120745,229.42655926692285,206.7862915900331,2.101589379746443,134.2488007120745,129.42655926692285,106.7862915900331,-1.6169747613333452,-2.4224789123858392,-0.8210106870577216,1.3236565946995071
World,2003,670800192,2074498000,3.0926003,6420361633,103.51899800848517,236.57866661648845,228.53977978125926,209.4823700130088,3.5189980084851697,136.57866661648845,128.53977978125926,109.48237001300879,1.3882336576240384,0.9946116681628814,-0.3865199776770023,1.3037993970706818
World,2004,676930688,2285780200,3.3767002,6503377774,104.46506631732524,260.6735855587088,249.53445167011532,212.19100528312023,4.465066317325238,160.6735855587088,149.53445167011532,112.19100528312023,0.9139079077663759,10.18473866930698,9.186440937744212,1.2930134740900767
World,2005,693840064,2266912300,3.2672,6586970132,107.07454926223876,258.5218637330656,241.44250665090158,214.9184412547656,7.074549262238762,158.52186373306557,141.44250665090158,114.91844125476561,2.4979479139819905,-0.8254468211772892,-3.2428167593913204,1.2853683255829917
World,2006,681903936,2255413500,3.3075001,6671452019,105.2325461957563,257.210524425103,244.4206399645285,217.67490061384095,5.232546195756299,157.21052442510302,144.4206399645285,117.67490061384095,-1.720299622248389,-0.507245031049508,1.2334751469147864,1.2825606509065723
World,2007,695898112,2347318500,3.3731003,6757308776,107.39215064243241,267.6914997528153,249.26842299733966,220.47621897658667,7.392150642432412,167.69149975281528,149.26842299733966,120.47621897658667,2.052221033081114,4.074862547377678,1.9833771131254174,1.2869275947047676
World,2008,712545728,2520782300,3.5377002,6844457659,109.96123835007283,287.4735552236951,261.4321755838014,223.31969658709875,9.961238350072833,187.4735552236951,161.43217558380138,123.31969658709875,2.392249053838502,7.389870611934435,4.879780776160136,1.2896981015508402
World,2009,700048320,2488491800,3.5547001,6932766416,108.0326176232272,283.79110123512544,262.6884496009459,226.20101835162046,8.032617623227196,183.79110123512544,162.6884496009459,126.20101835162046,-1.7539096101352292,-1.280971387334795,0.4805353489252706,1.2902228547484684
World,2010,694534208,2463268400,3.5466003,7021732143,107.18167071540854,280.9145892599226,262.08988323972807,229.10377561160084,7.1816707154085435,180.9145892599226,162.08988323972807,129.10377561160084,-0.7876759135712286,-1.0136018933235014,-0.22786169781241483,1.2832644526242554
World,2011,707106432,2585046300,3.6558,7110923773,109.12183717144055,294.80231207544523,270.1596216375998,232.01390359281754,9.121837171440546,194.80231207544523,170.1596216375998,132.01390359281754,1.8101662747761926,4.943752779843247,3.0789965252075335,1.2702226200541622
World,2012,707345152,2556649200,3.6144001,7201202478,109.15867683770675,291.56386689315286,267.10021430682826,234.95950045575756,9.15867683770675,191.56386689315286,167.10021430682826,134.95950045575756,0.03376012283253793,-1.0985141736146065,-1.13244433502927,1.2695777353539661
World,2013,722919424,2764534500,3.8241003,7291793585,111.56212431935506,315.2713985866848,282.5968297369199,237.9152903132822,11.562124319355064,215.27139858668482,182.59682973691991,137.9152903132822,2.201792428486171,8.131162460614473,5.801798201588149,1.25799971986289
World,2014,723332544,2818169900,3.8961003,7381616239,111.62587768282648,321.38805496111473,287.9175509902454,240.84600722867603,11.625877682826484,221.38805496111473,187.9175509902454,140.84600722867603,0.05714606445546,1.9401240968416111,1.882795804283699,1.2318320993722987
World,2015,722961792,2837866500,3.9253001,7470491876,111.56866261937336,323.63428289909217,290.07538427431274,243.74582504882528,11.568662619373356,223.63428289909217,190.07538427431274,143.74582504882528,-0.051256092799278896,0.6989145686354892,0.7494622250869609,1.2040132421194505
World,2016,727295552,2912244200,4.0042,7558554527,112.23745564918998,332.1164203087215,295.9060005911913,246.6191169123692,12.237455649189982,232.1164203087215,195.9060005911913,146.6191169123692,0.5994452331998135,2.620902005080228,2.010034850583775,1.1788065961615413
World,2017,726033664,2961411600,4.0789,7645617952,112.04271900045788,337.72353968555365,301.42624889151637,249.45980621508807,12.042719000457879,237.72353968555365,201.42624889151637,149.45980621508807,-0.17350415474560732,1.6882993534676816,1.865541181759145,1.1518528402355122
World,2018,720220096,2901856500,4.0291004,7729902779,111.14555954613532,330.9317924058688,297.7461129175288,252.20983593698807,11.145559546135317,230.9317924058688,197.74611291752882,152.20983593698807,-0.8007298129911522,-2.011037574108243,-1.2209075976366224,1.1023939141237449
World,2019,717173056,2964206800,4.1332,7811293699,110.67533528046938,338.0423082208457,305.4389595033994,254.86544379737776,10.675335280469383,238.0423082208457,205.43895950339942,154.86544379737776,-0.4230706719963506,2.1486348480705297,2.5836933723468514,1.0529358819507673
World,2020,731967424,3008964600,4.1108,7887001289,112.95842668353325,343.1465506181329,303.78362400236483,257.3356170193436,12.958426683533247,243.1465506181329,203.78362400236483,157.3356170193436,2.062872813782901,1.5099418839468193,-0.5419529662247236,0.969206803857503
World,2021,738059392,3070651000,4.1604,7954448387,113.89854928752283,350.1813543443218,307.44900975465566,259.53626843855926,13.898549287522826,250.1813543443218,207.44900975465566,159.53626843855926,0.8322731040008691,2.0500872625752953,1.20657779507638,0.85516783285009
World,2022,735433088,3073689300,4.1794,8021407196,113.49325369907781,350.5278463451726,308.8530889742832,261.7209880547368,13.493253699077812,250.52784634517258,208.8530889742832,161.72098805473678,-0.35583911382568445,0.09894644490695548,0.45668685703297296,0.8417781566026683
World,2023,738760320,3134294000,4.2426004,8091734933,114.00671765882242,357.439291483559,313.5235294117647,264.0156284296167,14.006717658822424,257.439291483559,213.52352941176468,164.0156284296167,0.45241804513425077,1.9717249885992105,1.5121883523950608,0.8767506159651051
